channel,total_spend,total_revenue,total_conv,avg_ctr,campaigns,roi,cost_per_conv
Email,2311.4,26833.46,61,22.18772044415415,1531,1060.9,37.89
SMS,1184.8,9533.380000000001,19,18.27759916492693,479,704.6,62.36
Paid Search,11934.28,17118.65,34,15.001615763546797,1015,43.4,351.01
Display,2817.35,2944.88,6,3.971820580474934,758,4.5,469.56
Paid Social,15471.16,10934.24,22,7.970188989317995,1217,-29.3,703.23
